group,function,value,throughput_num,throughput_type,sample_measured_value,unit,iteration_count
match,,,,,968516.0,ns,5108
match,,,,,1928713.0,ns,10216
match,,,,,2901228.0,ns,15324
match,,,,,3863735.0,ns,20432
match,,,,,4933909.0,ns,25540
match,,,,,5803001.0,ns,30648
match,,,,,6772405.0,ns,35756
match,,,,,7721527.0,ns,40864
match,,,,,8743598.0,ns,45972
match,,,,,9711043.0,ns,51080
match,,,,,10627890.0,ns,56188
match,,,,,11611440.0,ns,61296
match,,,,,12565840.0,ns,66404
match,,,,,13518879.0,ns,71512
match,,,,,14500738.0,ns,76620
match,,,,,15475841.0,ns,81728
match,,,,,16456547.0,ns,86836
match,,,,,17399213.0,ns,91944
match,,,,,18345254.0,ns,97052
match,,,,,19332656.0,ns,102160
match,,,,,20300063.0,ns,107268
match,,,,,21459145.0,ns,112376
match,,,,,22429416.0,ns,117484
match,,,,,23203869.0,ns,122592
match,,,,,24154105.0,ns,127700
match,,,,,25139657.0,ns,132808
match,,,,,26094542.0,ns,137916
match,,,,,27150090.0,ns,143024
match,,,,,28029634.0,ns,148132
match,,,,,29012202.0,ns,153240
match,,,,,29970390.0,ns,158348
match,,,,,30919557.0,ns,163456
match,,,,,31913302.0,ns,168564
match,,,,,32871327.0,ns,173672
match,,,,,33831573.0,ns,178780
match,,,,,34814895.0,ns,183888
match,,,,,35765345.0,ns,188996
match,,,,,36728563.0,ns,194104
match,,,,,37725193.0,ns,199212
match,,,,,38631081.0,ns,204320
match,,,,,39609560.0,ns,209428
match,,,,,40601732.0,ns,214536
match,,,,,41562406.0,ns,219644
match,,,,,42624319.0,ns,224752
match,,,,,43498203.0,ns,229860
match,,,,,44481316.0,ns,234968
match,,,,,45415340.0,ns,240076
match,,,,,46391654.0,ns,245184
match,,,,,47358645.0,ns,250292
match,,,,,48392133.0,ns,255400
match,,,,,49374485.0,ns,260508
match,,,,,50250414.0,ns,265616
match,,,,,51234688.0,ns,270724
match,,,,,52211542.0,ns,275832
match,,,,,53199338.0,ns,280940
match,,,,,54137071.0,ns,286048
match,,,,,55076413.0,ns,291156
match,,,,,56061138.0,ns,296264
match,,,,,57027179.0,ns,301372
match,,,,,58165751.0,ns,306480
match,,,,,58981537.0,ns,311588
match,,,,,59959269.0,ns,316696
match,,,,,60924779.0,ns,321804
match,,,,,61835732.0,ns,326912
match,,,,,62833237.0,ns,332020
match,,,,,63772140.0,ns,337128
match,,,,,64749275.0,ns,342236
match,,,,,65804272.0,ns,347344
match,,,,,66688846.0,ns,352452
match,,,,,67710754.0,ns,357560
match,,,,,68655715.0,ns,362668
match,,,,,69599961.0,ns,367776
match,,,,,70742371.0,ns,372884
match,,,,,71517904.0,ns,377992
match,,,,,72517983.0,ns,383100
match,,,,,73438868.0,ns,388208
match,,,,,79390817.0,ns,393316
match,,,,,76648406.0,ns,398424
match,,,,,76369773.0,ns,403532
match,,,,,77287671.0,ns,408640
match,,,,,78287365.0,ns,413748
match,,,,,79642955.0,ns,418856
match,,,,,80233110.0,ns,423964
match,,,,,81702648.0,ns,429072
match,,,,,98775083.0,ns,434180
match,,,,,83177923.0,ns,439288
match,,,,,84091198.0,ns,444396
match,,,,,85082380.0,ns,449504
match,,,,,86018509.0,ns,454612
match,,,,,87003035.0,ns,459720
match,,,,,87964228.0,ns,464828
match,,,,,88932716.0,ns,469936
match,,,,,90383368.0,ns,475044
match,,,,,91053195.0,ns,480152
match,,,,,91844098.0,ns,485260
match,,,,,92814673.0,ns,490368
match,,,,,93766009.0,ns,495476
match,,,,,94741247.0,ns,500584
match,,,,,95711071.0,ns,505692
match,,,,,96671595.0,ns,510800
